id|name|MiddleName|Adress
1 | Alonso Hopkins | Cafeb | 452 Cobblestone St.
2 | Kaydence Sellers | Susannah | Hyattsville, MD 20782
3 | Finnegan Bray | Brighton | 9648 Philmont Lane
4 | Gideon Arias | Varian | Hanover Park, II.60133
5 | Case Schultz | Aiden | 8438 North Fairground Court
6 | Pierre Alvarado | Harriet | Woodstock, GA 30188
7 | Esteban Bell | Cameron | 148 Catherine Dr.
8 | Spencer Anderson | Meaghan | Lithonia, GA 30038
9 | Seth Sweeney | Jax | 708 6 th Drive
10 | Lincoln Mason | Emeline | Egg Harbor Township, NJ 08234
